CREATE DATABASE lv_safety_verification;
use lv_safety_verification;

create table USERS 
(user_id integer not null, 
user_active boolean,
creation_date datetime,
email varchar(255),
first_name varchar(255),
last_name varchar(255),
password varchar(255),
user_role varchar(255),
user_exist boolean,
user_name varchar(255),
user_type varchar(255),
updated_date datetime,
primary key (user_id));

create table APPLICATIONTYPES(id integer not null, application varchar(255), primary key(id))

insert into APPLICATIONTYPES values (1,'Verification Of LV Systems (IEC 60364-6)');
insert into APPLICATIONTYPES values (2,'Verification of HV system (up to 33 kV) (IEC 61936-1)');
insert into APPLICATIONTYPES values (3,'Lightning protection conformity assessment, risk assessment, inspection and maintenance (IEC 62305-3 & 4)');
insert into APPLICATIONTYPES values (4,'EMC assessment of an installation (IEC 61000-5-1)');
insert into APPLICATIONTYPES values (5,'Failure analysis of electronic systems');
insert into APPLICATIONTYPES values (6,'Conformity and project analysis');


CREATE TABLE COMPANY_TABLE (
    COMPANY_ID INT AUTO_INCREMENT ,
    COMPANY_CODE VARCHAR(255) NOT NULL,
    USER_NAME VARCHAR(255) NOT NULL ,
    CLIENT_NAME VARCHAR(255)NOT NULL UNIQUE,
	IN_ACTIVE BIT,
    CREATED_BY VARCHAR(255) NOT NULL,
    UPDATED_BY VARCHAR(255) NOT NULL,
    CREATED_DATE datetime NOT NULL,    
    UPDATED_DATE datetime NOT NULL,
    CONSTRAINT PK_COMPANY_ID PRIMARY KEY(COMPANY_ID)
);
CREATE TABLE DEPARTMENT_TABLE (
    DEPARTMENT_ID INT AUTO_INCREMENT,
    COMPANY_ID INT,
    DEPARTMENT_CODE VARCHAR(255)NOT NULL,
	USER_NAME VARCHAR(255)NOT NULL,
	CLIENT_NAME VARCHAR(255) NOT NULL,
	DEPARTMENT_NAME VARCHAR(255)NOT NULL UNIQUE,
	CREATED_BY VARCHAR(255)NOT NULL,
    UPDATED_BY VARCHAR(255)NOT NULL,
    CREATED_DATE datetime NOT NULL,    
    UPDATED_DATE datetime NOT NULL,
	CONSTRAINT PK_DEPARTMENT_ID PRIMARY KEY(DEPARTMENT_ID),
    CONSTRAINT FK_COMPANY_ID FOREIGN KEY (COMPANY_ID) REFERENCES COMPANY_TABLE(COMPANY_ID) ON DELETE CASCADE
);

CREATE TABLE SITE_TABLE (
    SITE_ID INT AUTO_INCREMENT,
	DEPARTMENT_ID INT,
	SITE_CODE VARCHAR(255) NOT NULL,
    USER_NAME VARCHAR(255),
 	CLIENT_NAME VARCHAR(255),
	DEPARTMENT_NAME VARCHAR(255),
	SITE VARCHAR(255) NOT NULL,
	ADDRESSLINE_1 VARCHAR(255) NOT NULL,
	ADDRESSLINE_2 VARCHAR(255) NOT NULL,
	LAND_MARK VARCHAR(255) NOT NULL,
	CITY VARCHAR(255) NOT NULL,
	STATE VARCHAR(255) NOT NULL,
	COUNTRY VARCHAR(255) NOT NULL,
	ZIP_CODE VARCHAR(255) NOT NULL,
	CREATED_BY VARCHAR(255) NOT NULL,
    UPDATED_BY VARCHAR(255) NOT NULL,
    CREATED_DATE datetime NOT NULL,    
    UPDATED_DATE datetime NOT NULL,
	CONSTRAINT PK_SITE_ID PRIMARY KEY(SITE_ID),
    CONSTRAINT FK_DEPARTMENT_ID FOREIGN KEY (DEPARTMENT_ID) REFERENCES DEPARTMENT_TABLE(DEPARTMENT_ID) ON DELETE CASCADE
);

CREATE TABLE SITE_PERSON_TABLE(
	 PERSON_ID INT AUTO_INCREMENT,
	 SITE_ID INT,
	 IN_ACTIVE BIT,
	 PERSON_INCHARGE VARCHAR(255),
	 E_mail VARCHAR(255)not null,
	 DESIGNATION VARCHAR(255),
	 CONTACT_NO VARCHAR(255),
	 CONSTRAINT PK_PERSON_ID PRIMARY KEY(PERSON_ID),
	 CONSTRAINT FK_SITE_ID FOREIGN KEY (SITE_ID) REFERENCES SITE_TABLE(SITE_ID) ON DELETE CASCADE
 );

CREATE TABLE REPORT_DETAILS_TABLE (
    REPORT_ID INT AUTO_INCREMENT,
	USER_NAME VARCHAR(255),
	DESCRIPTION_REPORT VARCHAR(500),
	REASON_REPORT VARCHAR(500),
	INSTALLATION_TYPE VARCHAR(255),
	DESCRIPTION_PREMISE VARCHAR(255) ,
	ESTIMATED_WIRE_AGE VARCHAR(255),
	EVIDANCE_ADDITION VARCHAR(255),
    PREVIOUS_RECORDS VARCHAR(255),
    LAST_INSPECTION VARCHAR(255),
    NEXT_INSPECTION VARCHAR(255),	
    EXTENT_INSTALLATION VARCHAR(500),
    CLIENT_DETAILS VARCHAR(500),
    INSTALLATION_DETAILS VARCHAR(500),
    VERIFICATION_DATE VARCHAR(500),  
    VERIFIED_ENGINEER VARCHAR(255),
    DESIGNATION VARCHAR(255) ,
    COMPANY VARCHAR(255),
	CREATED_BY VARCHAR(255),
    CREATED_DATE datetime,
    CONSTRAINT PK_REPORT_ID PRIMARY KEY(REPORT_ID)
 );
 
 
 
 CREATE TABLE SIGN_DETAILS_TABLE (
            SIGNATOR_ID INT AUTO_INCREMENT,
            REPORT_ID INT,
			SIGNATOR_ROLE VARCHAR(255),
			PERSON_NAME VARCHAR(255),
			PERSON_CONTACT_NO VARCHAR(255),
			PERSON_MAIL_ID VARCHAR(255),
			MANAGER_NAME VARCHAR(255),
			MANAGER_CONTACT_NO VARCHAR(255),
			MANAGER_MAIL_ID VARCHAR(255),
			COMPANY_NAME VARCHAR(255),
			ADDRESS_LINE1 VARCHAR(255),
			ADDRESS_LINE2 VARCHAR(255),
			LAND_MARK VARCHAR(255),
			STATE VARCHAR(255),
			PIN_CODE VARCHAR(255),
			COUNTRY VARCHAR(255),
			DECLARATION_DATE VARCHAR(255),
			DECLARATION_NAME VARCHAR(255),
			DECLARATION_SIGNATURE BLOB,
			CONSTRAINT PK_SIGNATOR_ID PRIMARY KEY(SIGNATOR_ID),
			CONSTRAINT FK_REPORT_ID FOREIGN KEY (REPORT_ID) REFERENCES REPORT_DETAILS_TABLE(REPORT_ID) ON DELETE CASCADE
);
 
CREATE TABLE COUNTRY_TABLE (COUNTRY_ID INTEGER NOT NULL, NAME VARCHAR(255), CODE VARCHAR(255), CONSTRAINT PK_COUNTRY_ID PRIMARY KEY(COUNTRY_ID));
CREATE TABLE STATE_TABLE (STATE_ID INT NOT NULL, COUNTRY_ID INT, NAME VARCHAR(255), CODE VARCHAR(255),
CONSTRAINT PK_STATE_ID PRIMARY KEY(STATE_ID),
CONSTRAINT FK_COUNTRY_ID FOREIGN KEY (COUNTRY_ID) REFERENCES COUNTRY_TABLE(COUNTRY_ID) ON DELETE CASCADE);

insert into COUNTRY_TABLE values (1, 'INDIA', 'IND');
insert into COUNTRY_TABLE values (2, 'UNITED STATES OF AMERICA', 'USA');
insert into COUNTRY_TABLE values (3, 'BANGLADESH', 'BGL');
insert into COUNTRY_TABLE values (4, 'SRILANKA', 'SRI');
insert into COUNTRY_TABLE values (5, 'UNITED KINGDOM', 'UK');
insert into COUNTRY_TABLE values (6, 'PAKISTAN', 'PAK');
insert into COUNTRY_TABLE values (7, 'AFGANISTAN', 'AFG');
insert into COUNTRY_TABLE values (8, 'MALDIVES', 'MDV');
insert into COUNTRY_TABLE values (9, 'UNITED ARAB EMIRATES', 'UAE');
insert into COUNTRY_TABLE values (10, 'CHINA', 'CHN');
insert into COUNTRY_TABLE values (11, 'SINGAPORE', 'SGP');
insert into COUNTRY_TABLE values (12, 'THAILAND', 'THL');
insert into COUNTRY_TABLE values (13, 'AUSTRALIA', 'AUS');
insert into COUNTRY_TABLE values (14, 'NEW ZEALAND', 'NZL');
insert into COUNTRY_TABLE values (15, 'JAPAN', 'JPN');
insert into COUNTRY_TABLE values (16, 'INDONESIA', 'INA');
insert into COUNTRY_TABLE values (17, 'MALAYSIA', 'MLY');
insert into COUNTRY_TABLE values (18, 'GERMANY', 'GNY');
insert into COUNTRY_TABLE values (19, 'FRANCE', 'FRN');
insert into COUNTRY_TABLE values (20, 'RUSSIA', 'RUS');

INSERT INTO STATE_TABLE VALUES (1,1,'Tamil Nadu','TN');
INSERT INTO STATE_TABLE VALUES (2,1,'Andhra Pradesh','AP');
INSERT INTO STATE_TABLE VALUES (3,1,'Telengana','TS');
INSERT INTO STATE_TABLE VALUES (4,1,'Karnataka','KA');
INSERT INTO STATE_TABLE VALUES (5,1,'Kerala','KL');
INSERT INTO STATE_TABLE VALUES (6,1,'Odisha','OR');
INSERT INTO STATE_TABLE VALUES (7,1,'Maharastra','MH');
INSERT INTO STATE_TABLE VALUES (8,1,'Madhya Pradesh','MP');
INSERT INTO STATE_TABLE VALUES (9,1,'Chattisgarh','CG');
INSERT INTO STATE_TABLE VALUES (10,1,'Jharkand','JD');
INSERT INTO STATE_TABLE VALUES (11,1,'Bihar','BH');
INSERT INTO STATE_TABLE VALUES (12,1,'Uttar Pradesh','UP');
INSERT INTO STATE_TABLE VALUES (13,1,'Gujarat','GU');
INSERT INTO STATE_TABLE VALUES (14,1,'Rajasthan','RJ');
INSERT INTO STATE_TABLE VALUES (15,1,'Punjab','PB');
INSERT INTO STATE_TABLE VALUES (16,1,'Haryana','HR');
INSERT INTO STATE_TABLE VALUES (17,1,'Uttarkhand','UT');
INSERT INTO STATE_TABLE VALUES (18,1,'Sikkim','SK');
INSERT INTO STATE_TABLE VALUES (19,1,'West Bengal','WB');
INSERT INTO STATE_TABLE VALUES (20,1,'Assam','AS');
INSERT INTO STATE_TABLE VALUES (21,1,'Arunachala Pradesh','AR');
INSERT INTO STATE_TABLE VALUES (22,1,'Nagaland','NG');
INSERT INTO STATE_TABLE VALUES (23,1,'Tripura','TP');
INSERT INTO STATE_TABLE VALUES (24,1,'Meghalaya','MG');
INSERT INTO STATE_TABLE VALUES (25,1,'Mizoram','MZ');
INSERT INTO STATE_TABLE VALUES (26,1,'Manipur','GU');
INSERT INTO STATE_TABLE VALUES (27,1,'Goa','GA');
INSERT INTO STATE_TABLE VALUES (28,2,'Others','OT');

--> TestingAPI

CREATE TABLE TESTING_TABLE (
				TESTING_ID INT AUTO_INCREMENT,
				SITE_ID INT,
				USER_NAME VARCHAR(225),
				TEST_ENGINEER_NAME VARCHAR(225),
				DATE VARCHAR(225),
				DETAILS_TEST_INSTRUMENT VARCHAR(225),
				CONTINUITY VARCHAR(225),
				INSULATION_RESISANCE VARCHAR(225),
				IMPEDANCE VARCHAR(225),
				RCD VARCHAR(225),
				EARTH_ELECTRODE_RESISTANCE VARCHAR(225),
				DESIGNATION  VARCHAR(225),
				COMPANY_NAME  VARCHAR(225),        
				CREATED_DATE DATETIME,
				CONSTRAINT PK_TESTING_ID PRIMARY KEY(TESTING_ID)
              
);

CREATE TABLE TESTING_DISTRIBUTION_TABLE (
                DISTRIBUTION_ID INT AUTO_INCREMENT,
				TESTING_ID INT,
                DISTRIBUTION_BOARD_DETAILS VARCHAR(225),
				REFERANCE VARCHAR(225),
				LOCATION VARCHAR(225),
				CORRECT_SUPPLY_POLARITY VARCHAR(225),
				NUM_OUTPUT_CIRCUITS_USE VARCHAR(225),
				RATINGS_AMPS VARCHAR(225),
				NUM_OUTPUT_CIRCUITS_SPARE VARCHAR(225),
				INSTALLED_EQUIPMENT_VULNARABLE  VARCHAR(225),
				CONSTRAINT PK_TESTING_DISTRIBUTION_ID PRIMARY KEY(DISTRIBUTION_ID),
				CONSTRAINT FK_DISTRIBUTION_TESTING_ID FOREIGN KEY (TESTING_ID) REFERENCES TESTING_TABLE(TESTING_ID) ON DELETE CASCADE     
				
	);
CREATE TABLE DISTRIBUTION_INCOMING_VALUE_TABLE (
                INCOMING_ID INT AUTO_INCREMENT,              
				DISTRIBUTION_ID INT,
		        INCOMING_VOLTAGE VARCHAR(225),
				INCOMING_ZS VARCHAR(225),
				INCOMING_IPF VARCHAR(225),
				CONSTRAINT PK_INCOMING_ID PRIMARY KEY(INCOMING_ID),
				CONSTRAINT FK_DISTRIBUTION_ID FOREIGN KEY (DISTRIBUTION_ID) REFERENCES TESTING_DISTRIBUTION_TABLE(DISTRIBUTION_ID) ON DELETE CASCADE     

	);

CREATE TABLE TESTING_CIRCUIT_TABLE ( 
                TESTING_CIRCUIT_ID INT AUTO_INCREMENT,
				TESTING_ID INT,
 				CIRCUIT_NO INT,
				DESCRIPTION VARCHAR(225),
				STANDARD_NO VARCHAR(225),
				TYPE VARCHAR(225),
				RATING INT,
				BREAKING_CAPACITY  INT,
				CONSTRAINT PK_TESTING_CIRCUIT_ID PRIMARY KEY(TESTING_CIRCUIT_ID),
				CONSTRAINT FK_CIRCUIT_TESTING_ID FOREIGN KEY (TESTING_ID) REFERENCES TESTING_TABLE(TESTING_ID) ON DELETE CASCADE              

 );


 CREATE TABLE TESTING_CONDUCTOR_TABLE ( 
                TESTING_CONDUCTOR_ID INT AUTO_INCREMENT,
				TESTING_ID INT,
 				INSTALLATION_REFERANCE_METHOD VARCHAR(225),
				LIVE INT,
				PE_CPC INT, 
				CONSTRAINT PK_TESTING_CONDUCTOR_ID PRIMARY KEY(TESTING_CONDUCTOR_ID),
				CONSTRAINT FK_CONDUCTOR_TESTING_CIRCUIT_ID FOREIGN KEY (TESTING_ID) REFERENCES TESTING_TABLE(TESTING_ID) ON DELETE CASCADE              

 );
  
CREATE TABLE TESTING_CONTINUITY_TABLE ( 
                TESTING_CONTINUITY_ID INT AUTO_INCREMENT,
				TESTING_ID INT,
 				APPROXIMATE_LENGTH INT,
				R1_R2  INT,
				R2  INT, 
				L_L INT, 
				L_E INT, 
				POLARITY VARCHAR(225), 
				CONSTRAINT PK_TESTING_CONTINUITY_ID PRIMARY KEY(TESTING_CONTINUITY_ID),
				CONSTRAINT FK_CONTINUITY_TESTING_ID FOREIGN KEY (TESTING_ID) REFERENCES TESTING_TABLE(TESTING_ID) ON DELETE CASCADE              

 );
 
CREATE TABLE TESTING_VOLTAGE_TABLE ( 
                TESTING_VOLTAGE_ID INT AUTO_INCREMENT,
				TESTING_ID INT,
 				R_Y VARCHAR(225),
				R_B VARCHAR(225),
				Y_B VARCHAR(225), 
				R_N VARCHAR(225), 
				Y_N VARCHAR(225), 
				B_N VARCHAR(225), 
				R_PE VARCHAR(225), 
				Y_PE VARCHAR(225), 
				B_PE VARCHAR(225), 
 				CONSTRAINT PK_TESTING_VOLTAGE_ID PRIMARY KEY(TESTING_VOLTAGE_ID),
				CONSTRAINT FK_VOLTAGE_TESTING_ID FOREIGN KEY (TESTING_ID) REFERENCES TESTING_TABLE(TESTING_ID) ON DELETE CASCADE              

 );
 
CREATE TABLE TESTING_LOOPIMPEDANCE_TABLE ( 
                TESTING_LOOPIMPEDANCE_ID INT AUTO_INCREMENT,
				TESTING_ID INT,
 				R_Y VARCHAR(225),
				R_B VARCHAR(225),
				Y_B VARCHAR(225), 
				R_N VARCHAR(225), 
				Y_N VARCHAR(225), 
				B_N VARCHAR(225), 
				R_PE VARCHAR(225), 
				Y_PE VARCHAR(225), 
				B_PE VARCHAR(225),  
				CONSTRAINT PK_TESTING_LOOPIMPEDANCE_ID PRIMARY KEY(TESTING_LOOPIMPEDANCE_ID),
				CONSTRAINT FK_LOOPIMPEDANCE_TESTING_ID FOREIGN KEY (TESTING_ID) REFERENCES TESTING_TABLE(TESTING_ID) ON DELETE CASCADE              
 
 );
 
 CREATE TABLE TESTING_FAULTCURRENT_TABLE ( 
                TESTING_FAULTCURRENT_ID INT AUTO_INCREMENT,
				TESTING_ID INT,
 				R_Y VARCHAR(225),
				R_B VARCHAR(225),
				Y_B VARCHAR(225), 
				R_N VARCHAR(225), 
				Y_N VARCHAR(225), 
				B_N VARCHAR(225), 
				R_PE VARCHAR(225), 
				Y_PE VARCHAR(225), 
				B_PE VARCHAR(225),  
				CONSTRAINT PK_TESTING_FAULTCURRENT_ID PRIMARY KEY(TESTING_FAULTCURRENT_ID),
				CONSTRAINT FK_FAULTCURRENT_TESTING_ID FOREIGN KEY (TESTING_ID) REFERENCES TESTING_TABLE(TESTING_ID) ON DELETE CASCADE              

 );
 
CREATE TABLE TESTING_DISCONNECTIONTIME_TABLE ( 
                TESTING_DISCONNECTIONTIME_ID INT AUTO_INCREMENT,
				TESTING_ID INT,
 				R_Y VARCHAR(225),
				R_B VARCHAR(225),
				Y_B VARCHAR(225), 
				R_N VARCHAR(225), 
				Y_N VARCHAR(225), 
				B_N VARCHAR(225), 
				R_PE VARCHAR(225), 
				Y_PE VARCHAR(225), 
				B_PE VARCHAR(225), 
 				CONSTRAINT PK_TESTING_DISCONNECTIONTIME_ID PRIMARY KEY(TESTING_DISCONNECTIONTIME_ID),
				CONSTRAINT FK_DISCONNECTIONTIME_TESTING_ID FOREIGN KEY (TESTING_ID) REFERENCES TESTING_TABLE(TESTING_ID) ON DELETE CASCADE              

 );
 
CREATE TABLE TESTING_RCD_TABLE ( 
                TESTING_RCD_ID INT AUTO_INCREMENT,
				TESTING_ID INT,
 				RCD_CURRENT INT,
				OPERATING_CURRENT  INT,
				OPERATING_FIVE_CURRENT  INT, 
				TEST_BUTTON_OPERATION VARCHAR(225), 
				REMARKS VARCHAR(225),
				CONSTRAINT PK_TESTING_RCD_ID PRIMARY KEY(TESTING_RCD_ID),
				CONSTRAINT FK_RCD_TESTING_ID FOREIGN KEY (TESTING_ID) REFERENCES TESTING_TABLE(TESTING_ID) ON DELETE CASCADE              

 )